service_name,country_code,availability_type,title_count,unique_titles
 AXN White Amazon Channel ,DE,subscription,19,12
10,AU,free,100,100
10,AU,subscription,1,1
3Cat,ES,ads,60,60
3Cat,ES,subscription,3,3
3sat,DE,free,5,5
5,GB,ads,87,87
7plus,AU,ads,209,209
7plus,AU,subscription,3,3
9Now,AU,free,111,111
A&E,US,ads,10,6
A&E,US,subscription,10,6
A&E Crime Central Apple TV Channel,US,subscription,5,3
ABC,US,ads,2,2
ABC,US,subscription,1,1
ABC iview,AU,free,241,153
ABC On Demand Amazon Channel,JP,subscription,3,2
Acontra Plus,ES,subscription,114,113
Acontra Plus Amazon Channel,ES,subscription,79,78
Acorn TV,AU,subscription,24,14
Acorn TV,CA,subscription,42,25
Acorn TV,GB,subscription,21,13
Acorn TV,US,subscription,63,37
Acorn TV Apple TV,AU,subscription,26,15
Acorn TV Apple TV,CA,subscription,65,38
Acorn TV Apple TV,ES,subscription,11,7
Acorn TV Apple TV,GB,subscription,23,14
Acorn TV Apple TV,US,subscription,66,40
AcornTV Amazon Channel,AU,subscription,26,15
AcornTV Amazon Channel,CA,subscription,65,38
AcornTV Amazon Channel,ES,subscription,11,7
AcornTV Amazon Channel,GB,subscription,23,14
AcornTV Amazon Channel,MX,subscription,6,3
AcornTV Amazon Channel,US,subscription,66,40
Action Max Amazon Channel,FR,subscription,18,17
AD tv,DE,ads,19,10
AD tv,IN,ads,6,6
AD tv,US,ads,15,8
Adrenalin Amazon channel,AT,subscription,4,4
Adrenalin Amazon channel,DE,subscription,34,34
Adrenalina Pura Amazon channel,AR,subscription,9,9
Adrenalina Pura Amazon channel,BR,subscription,91,89
Adrenalina Pura Amazon channel,CL,subscription,13,13
Adrenalina Pura Amazon channel,CO,subscription,13,13
Adrenalina Pura Amazon channel,MX,subscription,90,88
Adrenalina Pura Apple TV channel,AR,subscription,9,9
Adrenalina Pura Apple TV channel,BR,subscription,91,89
Adrenalina Pura Apple TV channel,CL,subscription,13,13
Adrenalina Pura Apple TV channel,CO,subscription,13,13
Adrenalina Pura Apple TV channel,MX,subscription,90,88
Adult Swim,US,free,46,25
Adult Swim,US,subscription,44,24
Adultswim Amazon Channel,BR,subscription,60,32
Adultswim Amazon Channel,CA,subscription,37,22
Adultswim Amazon Channel,MX,subscription,60,32
Adultswim Amazon Channel,US,subscription,17,10
aha,CA,subscription,2,2
aha,IN,subscription,2,2
aha,IN,ads,1,1
aha,US,subscription,2,2
ALLBLK,US,subscription,3,3
ALLBLK Amazon channel ,US,subscription,3,2
ALLBLK Apple TV channel,US,subscription,3,2
Allente,DK,subscription,199,199
alleskino Amazon Channel,DE,subscription,6,6
Allstars Amazon Channel,AT,subscription,9,9
Allstars Amazon Channel,DE,subscription,67,64
Amazon Arthaus Channel,AT,subscription,11,11
Amazon Arthaus Channel,DE,subscription,61,56
Amazon MX Player,IN,ads,79,79
Amazon Video,AU,subscription,2,1
Amazon Video,BR,subscription,2,1
Amazon Video,FR,subscription,2,1
Amazon Video,GB,subscription,1,1
Amazon Video,IT,subscription,2,1
Amazon Video,US,subscription,2,1
AMC,US,subscription,29,29
AMC Channels Amazon Channel,ES,subscription,119,83
AMC Plus Apple TV Channel ,AU,subscription,112,92
AMC Plus Apple TV Channel ,AU,free,18,10
AMC Plus Apple TV Channel ,CA,subscription,78,54
AMC Plus Apple TV Channel ,CA,free,23,13
AMC Plus Apple TV Channel ,ES,subscription,75,52
AMC Plus Apple TV Channel ,US,subscription,270,221
AMC+,AU,subscription,128,99
AMC+,CA,subscription,176,142
AMC+,NZ,subscription,15,12
AMC+,US,subscription,255,208
AMC+ Amazon Channel,AU,subscription,140,109
AMC+ Amazon Channel,CA,subscription,205,171
AMC+ Amazon Channel,ES,subscription,75,52
AMC+ Amazon Channel,US,subscription,300,252
AMC+ Roku Premium Channel,US,subscription,112,84
Amebatv Amazon Channel,US,subscription,49,27
Angel Studios,US,subscription,8,8
Angel Studios,US,free,1,1
Animal Planet,US,subscription,6,4
Animal Planet,US,ads,4,3
Animation Digital Network,DE,subscription,154,88
Animation Digital Network,DE,ads,78,44
Animation Digital Network,FR,subscription,424,252
Animation Digital Network,FR,ads,400,228
Animax Amazon Channel,IN,subscription,25,25
Anime Digital Network Amazon Channel,DE,subscription,157,89
Anime Digital Network Amazon Channel,FR,subscription,434,260
Anime Generation Amazon Channel,IT,subscription,170,104
Anime Times Amazon Channel,IN,subscription,143,143
Anime Times Amazon Channel,JP,subscription,1229,720
Aniverse Amazon Channel,DE,subscription,248,142
Apple TV+,AR,subscription,286,286
Apple TV+,AT,subscription,12,6
Apple TV+,AU,subscription,493,261
Apple TV+,AU,free,6,3
Apple TV+,BE,subscription,12,6
Apple TV+,BR,subscription,487,258
Apple TV+,BR,free,6,3
Apple TV+,CA,subscription,490,260
Apple TV+,CA,free,6,3
Apple TV+,CH,subscription,288,288
Apple TV+,CL,subscription,12,6
Apple TV+,CO,subscription,12,6
Apple TV+,DE,subscription,519,288
Apple TV+,DE,free,6,3
Apple TV+,DK,subscription,282,282
Apple TV+,ES,subscription,516,287
Apple TV+,ES,free,6,3
Apple TV+,FI,subscription,12,6
Apple TV+,FR,subscription,361,286
Apple TV+,FR,free,7,4
Apple TV+,GB,subscription,495,262
Apple TV+,GB,free,6,3
Apple TV+,ID,subscription,255,255
Apple TV+,IE,subscription,289,289
Apple TV+,IN,subscription,410,257
Apple TV+,IN,free,3,3
Apple TV+,IT,subscription,495,264
Apple TV+,IT,free,6,3
Apple TV+,JP,subscription,487,258
Apple TV+,JP,free,6,3
Apple TV+,KR,subscription,331,257
Apple TV+,KR,free,6,3
Apple TV+,MX,subscription,487,258
Apple TV+,MX,free,6,3
Apple TV+,NL,subscription,264,258
Apple TV+,NO,subscription,282,282
Apple TV+,NZ,subscription,267,261
Apple TV+,PH,subscription,260,260
Apple TV+,PL,subscription,265,259
Apple TV+,PT,subscription,288,288
Apple TV+,SE,subscription,263,257
Apple TV+,SG,subscription,255,255
Apple TV+,TH,subscription,257,257
Apple TV+,TW,subscription,258,258
Apple TV+,US,subscription,477,261
Apple TV+,US,free,6,3
ARD Mediathek,DE,free,75,51
ARD Plus,DE,subscription,124,80
ARD Plus Amazon channel ,AT,subscription,4,4
ARD Plus Amazon channel ,DE,subscription,123,79
ARD Plus Apple TV channel,DE,subscription,123,79
ARROW,CA,subscription,8,8
ARROW,GB,subscription,29,29
ARROW,US,subscription,11,11
Arrow Video Amazon Channel,GB,subscription,20,19
Arte,DE,free,14,14
Arte,DE,ads,1,1
Arte,ES,free,1,1
Arte,FR,free,13,13
Arte,GB,free,1,1
Arte,IT,free,1,1
Arte Amazon Channel,BR,subscription,8,7
Arthaus+,DE,subscription,61,57
Arthaus+ Apple TV channel,DE,subscription,61,56
Arthouse CNMA Amazon Channel,AT,subscription,8,8
Arthouse CNMA Amazon Channel,DE,subscription,33,33
ArthouseCNMA,DE,subscription,22,22
Artiflix,AR,free,3,3
Artiflix,AT,free,3,3
Artiflix,AU,free,20,20
Artiflix,BE,free,3,3
Artiflix,BR,free,20,20
Artiflix,CA,free,20,20
Artiflix,CH,free,3,3
Artiflix,CL,free,3,3
Artiflix,CO,free,3,3
Artiflix,DE,free,20,20
Artiflix,DK,free,3,3
Artiflix,ES,free,20,20
Artiflix,FI,free,3,3
Artiflix,FR,free,20,20
Artiflix,GB,free,20,20
Artiflix,IE,free,3,3
Artiflix,IN,free,3,3
Artiflix,IT,free,20,20
Artiflix,JP,free,20,20
Artiflix,KR,free,20,20
Artiflix,MX,free,20,20
Artiflix,NL,free,3,3
Artiflix,NO,free,3,3
Artiflix,NZ,free,3,3
Artiflix,PL,free,3,3
Artiflix,PT,free,3,3
Artiflix,SE,free,3,3
Artiflix,SG,free,3,3
Artiflix,TH,free,3,3
Artiflix,US,free,20,20
Asia Premium Amazon Channel ,JP,subscription,57,32
Asian Drama Channel Amazon Channel,JP,subscription,12,7
AsianCrush,CA,subscription,7,7
AsianCrush,CA,ads,7,7
AsianCrush,US,ads,11,11
AsianCrush,US,subscription,10,10
ASIATIC Amazon Channel,DE,subscription,1,1
Aspire TV Amazon Channel,US,subscription,1,1
Atres Player,ES,subscription,240,155
Atres Player,ES,ads,79,46
Atresplayer Amazon Channel,MX,subscription,42,24
AVA HBZ,DE,free,4,4
AVA VOBB,DE,free,4,4
AXN Black Amazon Channel,AT,subscription,9,9
AXN Black Amazon Channel,DE,subscription,42,30
Baeble Amazon Channel,GB,subscription,1,1
Baeble Amazon Channel,US,subscription,1,1
BATTLEZONE Amazon Channel,AT,subscription,6,6
BATTLEZONE Amazon Channel,DE,subscription,25,25
BBC America,US,subscription,11,9
BBC Earth Amazon Channel,CA,subscription,2,1
BBC iPlayer,GB,free,446,291
BBC iPlayer,GB,subscription,16,9
BBC Kids Amazon Channel,IN,subscription,4,4
BBC Player Amazon Channel,DE,subscription,64,35
BBC Player Amazon Channel,IN,subscription,42,42
BBC Select Apple Tv channel,CA,subscription,6,3
BBC Select Apple Tv channel,US,subscription,8,4
Be TV Go,BE,subscription,36,36
Beamafilm,AU,free,92,92
Beamafilm,AU,subscription,61,61
Beamafilm,NZ,free,3,3
Beamafilm,NZ,subscription,3,3
Belas Artes à La Carte,BR,subscription,34,33
Benshi Amazon Channel,FR,subscription,10,7
Best of British Tv Amazon Channel,GB,subscription,1,1
Best tv ever Amazon Channel,US,subscription,28,15
Best Westerns Ever Amazon Channel,GB,subscription,2,2
Best Westerns Ever Amazon Channel,US,subscription,10,8
BET+  Apple TV channel,US,subscription,30,18
Bet+ Amazon Channel,US,subscription,30,18
BFI Player,GB,subscription,70,70
BFI Player,GB,free,7,7
BFI Player Amazon Channel,FI,subscription,2,2
BFI Player Amazon Channel,GB,subscription,61,61
BFI Player Amazon Channel,SE,subscription,2,2
BFI Player Amazon Channel,US,subscription,15,15
BFI Player Apple TV Channel,GB,subscription,61,61
BINGE,AU,subscription,621,621
Bloodstream,BR,subscription,1,1
Bloodstream,CA,ads,3,3
Bloodstream,CA,subscription,1,1
Bloodstream,GB,ads,1,1
Bloodstream,US,subscription,21,21
Bloodstream,US,ads,18,18
Bloody Movies Amazon Channel,DE,subscription,46,46
Bloody Movies Amazon Channel,PL,subscription,6,6
Bloome plus Amazon Channel,JP,subscription,15,9
blue TV,CH,subscription,128,128
BluTV Amazon Channel,DE,subscription,9,5
Booh Amazon Channel,BR,subscription,50,50
Booh Amazon Channel,CL,subscription,9,9
Booh Amazon Channel,CO,subscription,9,9
Booh Amazon Channel,MX,subscription,49,49
Box Brazil Play Amazon Channel,BR,subscription,6,3
Bravo TV,US,subscription,27,15
Bravo TV,US,free,1,1
BritBox,AU,subscription,189,189
BritBox,CA,subscription,404,404
BritBox,DK,subscription,71,71
BritBox,NO,subscription,70,70
BritBox,SE,subscription,72,72
BritBox,US,subscription,394,394
BritBox Amazon Channel,AU,subscription,122,70
BritBox Amazon Channel,CA,subscription,201,116
BritBox Amazon Channel,GB,subscription,2,1
BritBox Amazon Channel,US,subscription,201,117
Britbox Apple TV Channel ,AU,subscription,168,106
Britbox Apple TV Channel ,CA,subscription,212,123
Britbox Apple TV Channel ,US,subscription,213,125
Britbox Apple TV Channel ,US,free,1,1
Broadway HD Amazon Channel,US,subscription,10,8
BroadwayHD,CA,subscription,1,1
Brollie,AU,ads,35,35
Brown Sugar Amazon Channel,US,subscription,2,2
BS10 STAR CHANNEL EX Amazon Channel,JP,subscription,34,27
BYUtv,US,free,7,7
CaixaForum+,ES,free,1,1
Canal+,AT,subscription,64,60
Canal+,CH,subscription,58,48
Canal+,FR,subscription,299,234
Canal+,NL,subscription,19,16
CANAL+,PL,subscription,63,58
Canal+ Séries,FR,subscription,66,39
Cartoon Network Amazon Channel,US,subscription,9,6
Catchplay,SG,subscription,1,1
CBC Gem,CA,ads,153,106
CDA Premium,PL,subscription,93,93
CG Collection Amazon channel,IT,subscription,10,10
CG TV STREAMING,IT,subscription,27,27
Chai Flicks,US,subscription,5,4
Channel 4,GB,ads,251,160
Channel 4,GB,subscription,2,1
Channel 4,IE,ads,2,2
Channel 4 Plus,GB,subscription,54,54
Channel 4 Plus,IE,subscription,26,26
Channel K Amazon Channel,IN,subscription,17,17
Channel K Amazon Channel,JP,subscription,93,52
Channel Kyofu Amazon Channel,JP,subscription,2,2
Chaupal Amazon Channel,AU,subscription,3,3
Chaupal Amazon Channel,GB,subscription,3,3
Cindie Amazon Channel,CL,subscription,2,2
Cindie Amazon Channel,CO,subscription,2,2
Cindie Amazon Channel,MX,subscription,32,29
CINE,AR,free,3,3
CINE BMovie Amazon Channel,IT,subscription,3,3
Cine Comico Amazon Channel,IT,subscription,4,4
Cine+ OCS Amazon Channel ,FR,subscription,211,204
Cineasterna,FI,free,27,27
Cineasterna,NO,free,34,34
Cineasterna,SE,free,38,38
CineAutore Amazon Channel,IT,subscription,7,7
Cinefil Wow Plus Amazon Channel,JP,subscription,96,75
Cinema of Hearts Amazon Channel,DE,subscription,32,32
Cinemax Amazon Channel,US,subscription,19,19
Cinemax Apple TV Channel,US,subscription,2,2
CineMember,BE,subscription,22,22
CineMember,NL,subscription,22,22
CineMix+ Amazon Channel,AT,subscription,17,17
CineMix+ Amazon Channel,DE,subscription,81,79
Cineverse,CA,ads,155,155
Cineverse,CA,subscription,3,3
Cineverse,US,ads,203,203
Cineverse,US,subscription,8,8
Cinu,CH,subscription,22,22
Cirkus Amazon Channel ,DE,subscription,5,3
Citytvplus,CA,subscription,46,46
Citytvplus Amazon Channel,CA,subscription,153,90
Claro tv+,BR,subscription,545,438
Claro video,AR,subscription,17,17
Claro video,BR,subscription,105,78
Claro video,CL,subscription,55,55
Claro video,CO,subscription,52,52
Claro video,MX,subscription,350,261
Club Illico,CA,subscription,251,209
CN Rewind Amazon Channel,IN,subscription,27,27
Cocina ON Amazon Channel,US,subscription,2,1
Cohen Media Amazon Channel,US,subscription,7,7
Comedy Central Plus Amazon Channel,DE,subscription,18,10
Crave,CA,subscription,821,821
Crave,CA,free,1,1
Crave Amazon Channel,CA,subscription,1242,1017
Crime+ Investigation Play Amazon Channel,GB,subscription,8,5
Crime+Investigation Play Amazon Channel ,DE,subscription,5,3
Crime+Investigation Play Apple TV Channel,DE,subscription,5,3
Criterion Channel,CA,subscription,113,113
Criterion Channel,US,subscription,116,115
Crunchyroll,AR,subscription,1618,1618
Crunchyroll,AT,subscription,8,7
Crunchyroll,AU,subscription,2053,1399
Crunchyroll,AU,ads,1,1
Crunchyroll,BE,subscription,6,6
Crunchyroll,BR,subscription,2065,1401
Crunchyroll,BR,ads,2,2
Crunchyroll,CA,subscription,2326,1594
Crunchyroll,CA,ads,2,2
Crunchyroll,CH,subscription,1501,1501
Crunchyroll,CL,subscription,10,10
Crunchyroll,CO,subscription,10,10
Crunchyroll,DE,subscription,2012,1457
Crunchyroll,DK,subscription,1410,1410
Crunchyroll,ES,subscription,1861,1319
Crunchyroll,ES,ads,3,3
Crunchyroll,FI,subscription,8,8
Crunchyroll,FR,subscription,1885,1336
Crunchyroll,FR,ads,2,2
Crunchyroll,GB,subscription,2042,1384
Crunchyroll,GB,ads,1,1
Crunchyroll,ID,subscription,1173,1173
Crunchyroll,IE,subscription,1577,1577
Crunchyroll,IN,subscription,1172,770
Crunchyroll,IN,ads,1,1
Crunchyroll,IT,subscription,1637,1096
Crunchyroll,IT,ads,1,1
Crunchyroll,KR,subscription,1053,1053
Crunchyroll,KR,ads,151,151
Crunchyroll,MX,subscription,2059,1398
Crunchyroll,MX,ads,1,1
Crunchyroll,NL,subscription,1195,1195
Crunchyroll,NO,subscription,553,553
Crunchyroll,NZ,subscription,1362,1362
Crunchyroll,PH,subscription,247,247
Crunchyroll,PL,subscription,1075,1075
Crunchyroll,PT,subscription,1264,1264
Crunchyroll,SE,subscription,1237,1236
Crunchyroll,SG,subscription,1179,1179
Crunchyroll,TH,subscription,1324,1324
Crunchyroll,TR,subscription,1439,1439
Crunchyroll,TW,subscription,175,175
Crunchyroll,US,subscription,2353,1620
Crunchyroll,US,ads,2,2
CTV,CA,ads,262,262
CTV,CA,subscription,54,54
Cultpix,AR,subscription,1,1
Cultpix,AT,subscription,1,1
Cultpix,AU,subscription,16,16
Cultpix,AU,free,2,2
Cultpix,BE,subscription,1,1
Cultpix,BR,subscription,16,16
Cultpix,BR,free,2,2
Cultpix,CA,subscription,19,19
Cultpix,CA,free,2,2
Cultpix,CH,subscription,1,1
Cultpix,CL,subscription,1,1
Cultpix,CO,subscription,1,1
Cultpix,DE,subscription,16,16
Cultpix,DE,free,2,2
Cultpix,DK,subscription,2,2
Cultpix,ES,subscription,16,16
Cultpix,ES,free,2,2
Cultpix,FI,subscription,2,2
Cultpix,FR,subscription,16,16
Cultpix,FR,free,2,2
Cultpix,GB,subscription,16,16
Cultpix,GB,free,2,2
Cultpix,IE,subscription,1,1
Cultpix,IN,subscription,1,1
Cultpix,IT,subscription,16,16
Cultpix,IT,free,2,2
Cultpix,JP,subscription,16,16
Cultpix,JP,free,2,2
Cultpix,KR,subscription,16,16
Cultpix,KR,free,2,2
Cultpix,MX,subscription,19,19
Cultpix,MX,free,2,2
Cultpix,NL,subscription,1,1
Cultpix,NO,subscription,2,2
Cultpix,NZ,subscription,1,1
Cultpix,PH,subscription,1,1
Cultpix,PL,subscription,1,1
Cultpix,PT,subscription,1,1
Cultpix,SE,subscription,2,2
Cultpix,SG,subscription,1,1
Cultpix,TH,subscription,1,1
Cultpix,US,subscription,18,18
Cultpix,US,free,2,2
Curiosity Stream,AR,subscription,1,1
Curiosity Stream,AT,subscription,1,1
Curiosity Stream,AU,subscription,2,1
Curiosity Stream,BE,subscription,1,1
Curiosity Stream,BR,subscription,2,1
Curiosity Stream,CA,subscription,8,6
Curiosity Stream,CL,subscription,1,1
Curiosity Stream,CO,subscription,1,1
Curiosity Stream,DE,subscription,8,6
Curiosity Stream,ES,subscription,2,1
Curiosity Stream,FI,subscription,1,1
Curiosity Stream,GB,subscription,2,1
Curiosity Stream,IN,subscription,1,1
Curiosity Stream,JP,subscription,2,1
Curiosity Stream,KR,subscription,2,1
Curiosity Stream,MX,subscription,2,1
Curiosity Stream,NO,subscription,1,1
Curiosity Stream,PL,subscription,1,1
Curiosity Stream,US,subscription,8,6
CuriosityStream Amazon Channel,GB,subscription,3,2
CuriosityStream Apple TV Channel,GB,subscription,3,2
CuriosityStream Apple TV Channel,US,subscription,11,8
CurtaOn Amazon Channel,BR,subscription,2,2
Curzon Amazon Channel,GB,subscription,25,25
dAnime Amazon Channel,JP,subscription,1749,1021
Darkroom,US,free,45,45
Darkroom,US,subscription,5,5
Dekkoo,AU,subscription,1,1
Dekkoo,BR,subscription,1,1
Dekkoo,CA,subscription,5,5
Dekkoo,DE,subscription,1,1
Dekkoo,ES,subscription,1,1
Dekkoo,FR,subscription,4,4
Dekkoo,GB,subscription,5,5
Dekkoo,IE,subscription,1,1
Dekkoo,IT,subscription,1,1
Dekkoo,JP,subscription,1,1
Dekkoo,KR,subscription,1,1
Dekkoo,MX,subscription,1,1
Dekkoo,US,subscription,5,5
Dekkoo Amazon Channel,US,subscription,4,4
Demand Africa Amazon Channel,US,subscription,1,1
Diamond Films Amazon Channel,BR,subscription,83,82
Diamond Films Amazon Channel,CL,subscription,8,8
Diamond Films Amazon Channel,CO,subscription,8,8
Diamond Films Amazon Channel,MX,subscription,83,82
DIRECTV GO,AR,subscription,5,5
DIRECTV GO,CL,subscription,4,4
DIRECTV GO,CO,subscription,4,4
DIRECTV GO,MX,subscription,27,23
Disaster X Amazon Channel,AT,subscription,2,2
Disaster X Amazon Channel,DE,subscription,32,32
Discovery,US,subscription,14,14
Discovery,US,ads,10,10
Discovery +,CA,subscription,127,80
Discovery +,US,subscription,127,80
Discovery+,DE,subscription,86,56
Discovery+,GB,subscription,81,53
Discovery+,IN,subscription,41,41
Discovery+,IN,ads,15,15
Discovery+,IT,subscription,76,47
Discovery+ Amazon Channel,CA,subscription,126,78
Discovery+ Amazon Channel,DE,subscription,80,50
Discovery+ Amazon Channel,GB,subscription,92,58
Discovery+ Amazon Channel,IN,subscription,54,54
Discovery+ Amazon Channel,IT,subscription,62,40
Discovery+ Amazon Channel,US,subscription,132,82
Disney+,AR,subscription,2840,2731
Disney+,AT,subscription,250,204
Disney+,AU,subscription,3301,2842
Disney+,BE,subscription,249,201
Disney+,BR,subscription,2854,2466
Disney+,CA,subscription,3359,2883
Disney+,CH,subscription,2812,2691
Disney+,CL,subscription,221,182
Disney+,CO,subscription,221,182
Disney+,DE,subscription,2976,2554
Disney+,DK,subscription,2829,2710
Disney+,ES,subscription,2735,2330
Disney+,FI,subscription,246,201
Disney+,FR,subscription,3058,2671
Disney+,GB,subscription,3095,2639
Disney+,IE,subscription,2954,2838
Disney+,IT,subscription,2811,2432
Disney+,JP,subscription,2915,2422
Disney+,KR,subscription,2534,2148
Disney+,MX,subscription,3025,2631
Disney+,NL,subscription,2155,2033
Disney+,NO,subscription,2820,2702
Disney+,NZ,subscription,2542,2423
Disney+,PH,subscription,2210,2107
Disney+,PL,subscription,1917,1804
Disney+,PT,subscription,2625,2504
Disney+,SE,subscription,2222,2103
Disney+,SG,subscription,2113,2006
Disney+,TH,subscription,194,159
Disney+,TR,subscription,1681,1681
Disney+,TW,subscription,1904,1904
Disney+,US,subscription,1925,1705
DisneyNOW,US,subscription,26,26
DistroTV,US,ads,28,28
Dizi Amazon Channel,DE,subscription,2,1
Dizi Amazon Channel,ES,subscription,3,2
Djangowestern Amazon Channel,AT,subscription,1,1
Djangowestern Amazon Channel,DE,subscription,2,2
DocAlliance Films,BR,subscription,3,3
DocAlliance Films,CA,subscription,3,3
DocAlliance Films,DE,subscription,3,3
DocAlliance Films,ES,subscription,3,3
DocAlliance Films,FR,subscription,3,3
DocAlliance Films,GB,subscription,3,3
DocAlliance Films,IT,subscription,3,3
DocAlliance Films,JP,subscription,3,3
DocAlliance Films,KR,subscription,3,3
DocAlliance Films,MX,subscription,3,3
DocAlliance Films,US,subscription,4,4
DocPlay,AU,subscription,16,16
DocPlay,NZ,subscription,1,1
DocPlay Amazon Channel,AU,subscription,20,16
DocPlay Amazon Channel,NZ,subscription,1,1
Docsville Amazon Channel,GB,subscription,1,1
DocuramaFilms Amazon Channel,US,subscription,1,1
Doki Amazon Channel,US,subscription,11,6
Dove Amazon Channel,US,subscription,40,26
Dox Amazon Channel,US,subscription,1,1
Draken Films,SE,subscription,17,17
DRTV,DK,free,4,4
Eagle Magic Amazon Channel,IT,subscription,18,18
Eagle No Limits Amazon Channel,IT,subscription,34,34
Echoboom Amazon Channel ,US,subscription,1,1
Elisa Viihde,FI,subscription,16,16
Entertainment Asia Amazon Channel,JP,subscription,26,15
EPIC ON,IN,subscription,1,1
Eros Now Amazon Channel,GB,subscription,7,6
Eros Now Select Apple TV Channel,AU,subscription,1,1
Eros Now Select Apple TV Channel,IN,subscription,1,1
Eros Now Select Apple TV Channel,US,subscription,6,6
Eternal Family,US,subscription,16,16
Fandango at Home Free,US,ads,641,594
Fandor,CA,subscription,10,10
Fandor,CA,ads,4,4
Fandor,US,subscription,10,10
Fandor,US,ads,4,4
Fandor Amazon Channel,US,subscription,45,44
FANY Channel Select Amazon Channel,JP,subscription,2,1
Far East Amazon Channel ,IT,subscription,22,22
Fawesome,US,free,939,939
Fernsehen mit Herz Amazon Channel,DE,subscription,7,5
Film Movement Plus,CA,subscription,7,7
Film Movement Plus,US,subscription,10,10
Film Movement Plus Amazon Channel,US,subscription,4,4
Film Total Amazon Channel,DE,subscription,52,52
Film Total Amazon Channel,PL,subscription,10,10
Film1,NL,subscription,12,12
FilmBox Live Amazon Channel,GB,subscription,12,9
FilmBox Live Amazon Channel,PL,subscription,2,2
FilmBox Live Amazon Channel,US,subscription,14,10
FilmBox+,AR,subscription,2,2
FilmBox+,AT,subscription,2,2
FilmBox+,AU,subscription,17,16
FilmBox+,BE,subscription,2,2
FilmBox+,BR,subscription,17,16
FilmBox+,CA,subscription,17,16
FilmBox+,CH,subscription,2,2
FilmBox+,CL,subscription,2,2
FilmBox+,CO,subscription,2,2
FilmBox+,DE,subscription,17,16
FilmBox+,DK,subscription,2,2
FilmBox+,ES,subscription,17,16
FilmBox+,FI,subscription,2,2
FilmBox+,FR,subscription,17,16
FilmBox+,GB,subscription,17,16
FilmBox+,IE,subscription,2,2
FilmBox+,IN,subscription,3,3
FilmBox+,IT,subscription,17,16
FilmBox+,JP,subscription,17,16
FilmBox+,KR,subscription,82,79
FilmBox+,NL,subscription,2,2
FilmBox+,NO,subscription,2,2
FilmBox+,NZ,subscription,2,2
FilmBox+,PH,subscription,2,2
FilmBox+,PL,subscription,19,15
FilmBox+,PT,subscription,2,2
FilmBox+,SE,subscription,2,2
FilmBox+,SG,subscription,2,2
FilmBox+,TH,subscription,2,2
FilmBox+,US,subscription,10,10
Filmelier Plus Amazon Channel,BR,subscription,50,49
Filmelier Plus Amazon Channel,CL,subscription,2,2
Filmelier Plus Amazon Channel,CO,subscription,2,2
Filmelier Plus Amazon Channel,MX,subscription,39,38
filmfriend,AT,free,5,5
filmfriend,CH,free,4,4
filmfriend,DE,free,91,91
filmfriend,FR,free,1,1
Filmicca,BR,subscription,11,11
Filmin,ES,subscription,6246,6246
Filmin,PT,subscription,1232,1232
filmingo,AT,subscription,1,1
filmingo,CH,subscription,15,15
filmingo,DE,subscription,11,11
Filmlegenden Amazon Channel,DE,subscription,38,38
FILMO,FR,subscription,61,61
Filmo Amazon Channel,FR,subscription,56,56
Filmoteket,NO,free,32,32
Filmow,BR,ads,6,6
Filmpalast Amazon Channel,DE,subscription,1,1
Filmstriben,DK,free,50,50
Filmstriben,DK,subscription,1,1
Filmtastic,DE,subscription,100,100
Filmtastic Amazon Channel,DE,subscription,117,113
Filmtastic bei Canal+,AT,subscription,20,19
Filmzie,AU,ads,19,19
Filmzie,BR,ads,15,15
Filmzie,CA,ads,31,31
Filmzie,DE,ads,8,8
Filmzie,ES,ads,18,18
Filmzie,FR,ads,15,15
Filmzie,GB,ads,22,22
Filmzie,IT,ads,18,18
Filmzie,JP,ads,7,7
Filmzie,KR,ads,7,7
Filmzie,MX,ads,16,16
Filmzie,US,ads,21,21
Fix And Foxi Amazon Channel,DE,subscription,8,4
FlimmerkisteTV Amazon Channel,DE,subscription,43,28
FlixFling,CA,subscription,68,68
FlixFling,US,subscription,67,67
FlixHouse,US,free,23,23
FlixOlé,ES,subscription,119,119
FlixOlé Amazon Channel,ES,subscription,84,84
FOD Channel Amazon Channel,JP,subscription,514,339
Food Network,US,subscription,21,11
Food Network,US,ads,15,8
FOUND TV,AR,ads,1,1
FOUND TV,AT,ads,1,1
FOUND TV,AU,ads,1,1
FOUND TV,BE,ads,1,1
FOUND TV,BR,ads,2,2
FOUND TV,CA,ads,2,2
FOUND TV,CH,ads,1,1
FOUND TV,CL,ads,1,1
FOUND TV,CO,ads,1,1
FOUND TV,DE,ads,2,2
FOUND TV,DK,ads,1,1
FOUND TV,ES,ads,2,2
FOUND TV,FI,ads,1,1
FOUND TV,FR,ads,2,2
FOUND TV,GB,ads,1,1
FOUND TV,IE,ads,1,1
FOUND TV,IN,ads,1,1
FOUND TV,IT,ads,2,2
FOUND TV,JP,ads,2,2
FOUND TV,KR,ads,2,2
FOUND TV,MX,ads,2,2
FOUND TV,NL,ads,1,1
FOUND TV,NO,ads,1,1
FOUND TV,NZ,ads,1,1
FOUND TV,PH,ads,1,1
FOUND TV,PL,ads,1,1
FOUND TV,PT,ads,1,1
FOUND TV,SE,ads,1,1
FOUND TV,SG,ads,1,1
FOUND TV,TH,ads,1,1
FOUND TV,US,ads,2,2
Fox,US,subscription,2,2
FOX One Amazon Channel,US,subscription,17,9
Foxtel Now,AU,subscription,978,790
Franatic Amazon Channel,AT,subscription,1,1
Franatic Amazon Channel,DE,subscription,21,21
France Channel Amazon Channel,US,subscription,36,27
France TV Amazon Channel,FR,subscription,104,62
Freeform,US,subscription,8,8
fuboTV,CA,subscription,260,260
fuboTV,ES,subscription,55,55
fuboTV,US,subscription,1020,1020
FUEL TV+ Amazon Channel,US,subscription,1,1
Full Action Amazon Channel,IT,subscription,25,25
Full Moon Amazon Channel,DE,subscription,4,4
Full Moon Amazon Channel,GB,subscription,7,7
Full Moon Amazon Channel,US,subscription,7,7
Fuse+ Amazon Channel,US,subscription,1,1
FXNow,US,free,82,82
FXNow,US,subscription,3,3
Gaia Amazon Channel,AU,subscription,3,2
Gaia Amazon Channel,GB,subscription,1,1
Gaia Amazon Channel,MX,subscription,1,1
Gaia Amazon Channel,US,subscription,1,1
Gaiam TV Yoga & Fit,US,subscription,2,1
Galactic Stream Amazon Channel,AT,subscription,11,11
Galactic Stream Amazon Channel,DE,subscription,55,49
Gaumont Amazon Channel,FR,subscription,4,4
GEO Television + Wild Amazon Channel,DE,subscription,4,3
GEO Television Amazon Channel,DE,subscription,4,3
GlewedTV,US,ads,1,1
Global TV,CA,ads,117,65
Globoplay,BR,subscription,347,347
Good Movies Amazon Channel,DE,subscription,14,14
GOSPEL PLAY,BR,subscription,1,1
Great American Pure Flix Amazon Channel,US,subscription,37,24
GRJNGO Amazon Channel,DE,subscription,18,15
Gullimax Amazon Channel,FR,subscription,22,13
Hallmark TV Amazon Channel,GB,subscription,4,3
Hallmark TV Amazon Channel,US,subscription,44,37
Hallmark+ Amazon Channel,US,subscription,44,37
Hallmark+ Apple TV Channel,US,subscription,44,37
Having fun with Shimajiro Amazon Channel,JP,subscription,1,1
Hayu,AU,subscription,25,25
Hayu,CA,subscription,25,25
Hayu,DE,subscription,25,25
Hayu,ES,subscription,25,25
Hayu,FR,subscription,25,25
Hayu,GB,subscription,25,25
Hayu,IT,subscription,25,25
Hayu Amazon Channel,AU,subscription,48,27
Hayu Amazon Channel,CA,subscription,49,27
Hayu Amazon Channel,DE,subscription,39,22
Hayu Amazon Channel,ES,subscription,39,22
Hayu Amazon Channel,FR,subscription,41,23
Hayu Amazon Channel,GB,subscription,49,27
Hayu Amazon Channel,IT,subscription,39,22
HBO Max  Amazon Channel,BR,subscription,1,1
HBO Max  Amazon Channel,CO,subscription,2,2
HBO Max  Amazon Channel,ES,subscription,215,213
HBO Max  Amazon Channel,FR,subscription,199,198
HBO Max  Amazon Channel,MX,subscription,1,1
HBO Max  Amazon Channel,US,subscription,1,1
HBO Max  CNN Amazon Channel,US,subscription,2,2
HBO Max on U-Next,JP,subscription,506,413
Here TV,US,subscription,3,3
Here TV  Amazon Channel,US,subscription,1,1
HGTV,US,ads,6,6
HGTV,US,subscription,6,6
Hi-YAH,US,subscription,17,17
Hi-YAH,US,free,1,1
Hi-YAH Amazon Channel,US,subscription,22,22
HiDive,CA,subscription,134,134
HiDive,US,subscription,58,58
HiDive,US,ads,1,1
Hidive Amazon Channel,AU,subscription,130,75
Hidive Amazon Channel,CA,subscription,157,90
Hidive Amazon Channel,GB,subscription,133,76
Hidive Amazon Channel,US,subscription,154,88
Historama Amazon Channel,DE,subscription,1,1
History,US,subscription,12,12
History,US,ads,9,9
History Vault,US,subscription,21,21
HISTORY Vault Amazon Channel,US,subscription,23,13
HISTORY Vault Apple TV Channel,US,subscription,23,13
HistoryPlay Amazon Channel,DE,subscription,13,7
HistoryPlay Amazon Channel,GB,subscription,27,15
HistoryPlay Amazon Channel,IT,subscription,12,6
HistoryPlay Amazon Channel,JP,subscription,8,4
Hoichoi,AU,subscription,4,4
Hoichoi,AU,free,1,1
Hoichoi,BR,subscription,4,4
Hoichoi,BR,free,1,1
Hoichoi,CA,subscription,4,4
Hoichoi,CA,free,1,1
Hoichoi,DE,subscription,4,4
Hoichoi,DE,free,1,1
Hoichoi,ES,subscription,4,4
Hoichoi,ES,free,1,1
Hoichoi,FR,subscription,4,4
Hoichoi,FR,free,1,1
Hoichoi,GB,subscription,4,4
Hoichoi,GB,free,1,1
Hoichoi,IN,subscription,4,4
Hoichoi,IN,free,1,1
Hoichoi,IT,subscription,4,4
Hoichoi,IT,free,1,1
Hoichoi,JP,subscription,4,4
Hoichoi,JP,free,1,1
Hoichoi,KR,subscription,4,4
Hoichoi,KR,free,1,1
Hoichoi,MX,subscription,4,4
Hoichoi,MX,free,1,1
Hoichoi,US,subscription,3,3
Hoichoi,US,free,1,1
Hoichoi Amazon Channel,GB,subscription,7,4
Hoichoi Amazon Channel,IN,subscription,3,3
Hollywood Suite,CA,subscription,173,172
Hollywood Suite Amazon Channel,CA,subscription,169,168
Home of Horror,DE,subscription,44,44
Home of Horror Amazon Channel,DE,subscription,67,66
Hoopla,AU,free,224,224
Hoopla,CA,free,1038,1038
Hoopla,NZ,free,12,12
Hoopla,US,free,1254,1254
Hoopla,US,subscription,2,2
Hopster Amazon Channel,AU,subscription,16,9
Hopster Amazon Channel,ES,subscription,17,10
Hopster Amazon Channel,FR,subscription,14,7
Hopster Amazon Channel,GB,subscription,25,13
Hopster Amazon Channel,IT,subscription,14,8
Hopster Amazon Channel,US,subscription,22,12
Hotstar,ID,subscription,1536,1536
Hotstar,TH,subscription,1403,1403
Hulu,JP,subscription,4205,4205
Hulu,US,subscription,1652,1652
Hungama Play,IN,ads,1,1
Hungama Play,IN,subscription,1,1
iciTouTV,CA,subscription,105,105
iciTouTV,CA,ads,18,18
Icon Film Amazon Channel,GB,subscription,41,41
IFC Amazon Channel,CA,subscription,4,4
IFC Films Unlimited Apple TV Channel,CA,subscription,4,4
IFC Films Unlimited Apple TV Channel,US,subscription,5,5
IFI@Home,IE,subscription,1,1
iflix,PH,subscription,20,20
iflix,TH,subscription,18,18
INA  madelen Amazon Channel,FR,subscription,19,12
Indie Club Amazon Channel,US,subscription,4,4
Indie Films by Realto Amazon Channel,JP,subscription,5,5
IndieFlix,US,subscription,24,24
IndieFlix Shorts Amazon Channel,US,subscription,19,19
IndiePix Unlimited Amazon Channel,US,subscription,6,6
Infinity Selection Amazon Channel,IT,subscription,181,172
Infinity+,IT,subscription,1,1
Insomnia Amazon Channel,FR,subscription,31,31
Investigation Discovery,US,subscription,11,6
Investigation Discovery,US,ads,9,5
iQIYI,CA,subscription,17,17
iQIYI,CA,ads,13,13
iQIYI,TW,subscription,1,1
iQIYI,US,subscription,19,19
iQIYI,US,ads,14,14
Iqiyi,CA,subscription,48,48
Iqiyi,TW,subscription,4,4
Iqiyi,US,subscription,48,48
ITV Amazon Channel,GB,subscription,2,1
ITVX,GB,ads,337,337
ITVX,GB,subscription,7,7
ITVX,GB,free,1,1
ITVX Premium,GB,subscription,500,340
iWant,PH,ads,3,3
Iwonder Amazon Channel,AU,subscription,1,1
Iwonder Amazon Channel,IN,subscription,1,1
Iwonder Amazon Channel,NZ,subscription,1,1
iWonder Full Amazon channel,IT,subscription,22,22
Jidiaigeki Senmon Channel Amazon Channel,JP,subscription,9,5
JioHotstar,IN,subscription,738,738
JioHotstar,IN,ads,150,150
Joyn,AT,ads,30,30
Joyn,DE,ads,441,441
Joyn,DE,free,1,1
Joyn Plus,DE,subscription,251,193
JustWatch TV,AR,free,1,1
JustWatch TV,AT,free,1,1
JustWatch TV,AU,free,39,31
JustWatch TV,BE,free,1,1
JustWatch TV,BR,free,39,31
JustWatch TV,CA,free,48,40
JustWatch TV,CH,free,1,1
JustWatch TV,CL,free,1,1
JustWatch TV,CO,free,1,1
JustWatch TV,DE,free,35,28
JustWatch TV,DK,free,1,1
JustWatch TV,ES,free,35,28
JustWatch TV,FI,free,1,1
JustWatch TV,FR,free,35,28
JustWatch TV,GB,free,38,30
JustWatch TV,IE,free,1,1
JustWatch TV,IN,free,8,8
JustWatch TV,IT,free,35,28
JustWatch TV,JP,free,34,28
JustWatch TV,KR,free,36,29
JustWatch TV,MX,free,38,30
JustWatch TV,NL,free,1,1
JustWatch TV,NO,free,1,1
JustWatch TV,NZ,free,2,2
JustWatch TV,PH,free,1,1
JustWatch TV,PL,free,1,1
JustWatch TV,PT,free,1,1
JustWatch TV,SE,free,1,1
JustWatch TV,SG,free,1,1
JustWatch TV,TH,free,1,1
JustWatch TV,US,free,55,47
Kabel Eins Classics Amazon Channel,AT,subscription,9,9
Kabel Eins Classics Amazon Channel,DE,subscription,58,54
KADOKAWA channel Amazon Channel,JP,subscription,9,9
Kanal D Drama Amazon Channel,MX,subscription,18,10
Kanopy,US,free,751,751
Kanopy,US,subscription,3,3
Kanopy,US,ads,1,1
KANTELE DOGA CHANNEL Amazon Channel,JP,subscription,4,3
Kartoon Channel Amazon Channel,US,subscription,44,24
Kids Station On Demand Amazon Channel,JP,subscription,1,1
Kidstream Amazon Channel,GB,subscription,25,13
Kidstream Amazon Channel,US,subscription,32,17
KiKA,DE,free,30,30
Kinderwelt Amazon Channel,AT,subscription,1,1
Kinderwelt Amazon Channel,DE,subscription,16,10
Kino Film Collection,US,subscription,18,18
kino films+ Amazon Channel,JP,subscription,30,30
Kirjastokino,FI,free,9,9
Kixi,DE,subscription,17,17
Kixi Select Amazon Channel,DE,subscription,61,41
Knowledge Network,CA,free,52,29
Kocowa,AU,subscription,112,112
Kocowa,BR,subscription,113,113
Kocowa,CA,subscription,113,113
Kocowa,DE,subscription,113,113
Kocowa,ES,subscription,112,112
Kocowa,FR,subscription,113,113
Kocowa,GB,subscription,112,112
Kocowa,IT,subscription,113,113
Kocowa,MX,subscription,113,113
Kocowa,US,subscription,113,113
Kocowa Amazon Channel,US,subscription,155,87
Korean Drama Channel Amazon Channel,JP,subscription,13,7
KPN,NL,subscription,624,624
KQED,US,ads,52,52
LaCinetek,AT,subscription,1,1
LaCinetek,BE,subscription,1,1
LaCinetek,DE,subscription,3,3
LaCinetek,FR,subscription,5,5
Lemino Select Amazon Channel,JP,subscription,3,2
Libreflix,BR,free,3,3
Lifetime,US,ads,4,4
Lifetime,US,subscription,1,1
Lifetime Movie Club,US,subscription,7,7
Lifetime Movie Club Amazon Channel,US,subscription,6,6
Lifetime Movie Club Apple TV Channel,US,subscription,6,6
Lionsgate Play,IN,subscription,78,78
Lionsgate Play Amazon Channel,IN,subscription,70,70
Lionsgate Play Apple TV Channel,IN,subscription,70,70
Lionsgate+ Amazon Channels,AT,subscription,3,3
Lionsgate+ Amazon Channels,BR,subscription,114,96
Lionsgate+ Amazon Channels,CA,subscription,126,116
Lionsgate+ Amazon Channels,CL,subscription,20,17
Lionsgate+ Amazon Channels,CO,subscription,20,17
Lionsgate+ Amazon Channels,DE,subscription,71,52
Lionsgate+ Amazon Channels,ES,subscription,121,106
Lionsgate+ Amazon Channels,FI,subscription,8,7
Lionsgate+ Amazon Channels,FR,subscription,103,76
Lionsgate+ Amazon Channels,GB,subscription,128,107
Lionsgate+ Amazon Channels,IT,subscription,76,61
Lionsgate+ Amazon Channels,MX,subscription,115,97
Lionsgate+ Amazon Channels,NZ,subscription,18,16
Lionsgate+ Amazon Channels,SE,subscription,5,4
Looke,BR,subscription,273,273
Looke Amazon Channel,BR,subscription,213,195
Looke Amazon Channel,CL,subscription,6,6
Looke Amazon Channel,CO,subscription,6,6
Looke Amazon Channel,MX,subscription,123,109
Love and Passion Amazon Channel,AT,subscription,4,4
Love and Passion Amazon Channel,DE,subscription,24,24
Love Nature Amazon Channel,BR,subscription,1,1
M6+,FR,ads,267,162
M6+,FR,subscription,51,33
Made in Europe Amazon Channel,AT,subscription,1,1
Made in Europe Amazon Channel,DE,subscription,8,8
Magellan TV,BR,subscription,3,2
Magellan TV,CA,subscription,2,1
Magellan TV,DE,subscription,1,1
Magellan TV,ES,subscription,2,1
Magellan TV,IN,subscription,1,1
Magellan TV,IT,subscription,2,1
Magellan TV,JP,subscription,2,1
Magellan TV,KR,subscription,2,1
Magellan TV,MX,subscription,4,2
Magellan TV,US,subscription,4,2
Magenta TV+,DE,subscription,713,516
Magnolia Network Amazon Channel,US,subscription,2,2
Magnolia Selects Amazon Channel,US,subscription,21,20
ManoramaMax,IN,subscription,1,1
ManoramaMAX Amazon Channel,IN,subscription,2,2
Marquee TV Amazon Channel,GB,subscription,1,1
Max,AR,subscription,223,189
Max,AT,subscription,103,54
Max,AU,subscription,726,522
Max,BE,subscription,148,125
Max,BR,subscription,1547,926
Max,CL,subscription,222,188
Max,CO,subscription,223,189
Max,DE,subscription,430,274
Max,DK,subscription,121,106
Max,ES,subscription,692,502
Max,FI,subscription,121,106
Max,FR,subscription,771,594
Max,IT,subscription,464,321
Max,MX,subscription,1652,1022
Max,NL,subscription,110,93
Max,NO,subscription,121,106
Max,PH,subscription,125,106
Max,PL,subscription,136,113
Max,PT,subscription,134,113
Max,SE,subscription,121,106
Max,SG,subscription,125,106
Max,TH,subscription,122,105
Max,US,subscription,985,574
Mediaset Infinity,IT,subscription,206,192
Mediaset Infinity,IT,ads,172,108
Mercado Play,AR,ads,32,32
Mercado Play,BR,ads,359,308
Mercado Play,CL,ads,32,32
Mercado Play,CO,ads,32,32
Mercado Play,MX,ads,349,295
Metrograph,US,subscription,8,8
MGM Amazon Channel,AU,subscription,83,74
MGM Amazon Channel,CA,subscription,67,63
MGM Amazon Channel,FI,subscription,8,8
MGM Amazon Channel,FR,subscription,60,54
MGM Amazon Channel,JP,subscription,40,37
MGM Amazon Channel,PL,subscription,7,7
MGM Amazon Channel,SE,subscription,8,8
MGM Plus,US,subscription,205,192
MGM Plus Amazon Channel,AT,subscription,11,11
MGM Plus Amazon Channel,BE,subscription,7,7
MGM Plus Amazon Channel,BR,subscription,95,75
MGM Plus Amazon Channel,CL,subscription,6,6
MGM Plus Amazon Channel,CO,subscription,6,6
MGM Plus Amazon Channel,DE,subscription,109,88
MGM Plus Amazon Channel,ES,subscription,103,84
MGM Plus Amazon Channel,GB,subscription,129,104
MGM Plus Amazon Channel,IN,subscription,21,21
MGM Plus Amazon Channel,IT,subscription,109,90
MGM Plus Amazon Channel,MX,subscription,107,87
MGM Plus Amazon Channel,NL,subscription,8,8
MGM Plus Amazon Channel,NZ,subscription,9,9
MGM Plus Roku Premium Channel,US,subscription,152,141
MGM+ Amazon Channel,US,subscription,184,171
MGM+ Apple TV Channel,BR,subscription,93,74
MGM+ Apple TV Channel,CL,subscription,7,6
MGM+ Apple TV Channel,CO,subscription,7,6
MGM+ Apple TV Channel,MX,subscription,105,86
Mhz Choice,CA,subscription,49,27
Mhz Choice,US,subscription,49,27
MIDNIGHT FACTORY Amazon Channel,IT,subscription,44,44
Midnight Pulp,CA,subscription,29,28
Midnight Pulp,CA,ads,18,18
Midnight Pulp,US,subscription,35,32
Midnight Pulp,US,ads,19,19
Midnight Pulp Amazon Channel,US,subscription,94,76
Molotov TV,FR,subscription,466,413
Molotov TV,FR,ads,1,1
Mometu,US,ads,94,94
Monomax,TH,subscription,17,15
Monsters and Nightmares Amazon Channel,US,subscription,9,9
Mosaik Amazon Channel,DE,subscription,8,7
Moviecult Amazon Channel,AT,subscription,2,2
Moviecult Amazon Channel,DE,subscription,29,29
Moviedome Plus Amazon Channel,AT,subscription,3,3
Moviedome Plus Amazon Channel,DE,subscription,47,44
MovieSphere+ Amazon Channel,US,subscription,130,118
Movistar Plus+,ES,subscription,759,622
Movistar Plus+ Ficción Total ,ES,subscription,1898,1467
MovistarTV,AR,subscription,244,244
MovistarTV,CL,subscription,380,380
MovistarTV,CO,subscription,335,335
MTV Hits Amazon Channel,US,subscription,2,1
MTV Katsomo,FI,subscription,26,26
MTV Plus Amazon Channel,DE,subscription,21,11
MUBI,AR,subscription,501,501
MUBI,AT,subscription,5,5
MUBI,AU,subscription,293,293
MUBI,BE,subscription,5,5
MUBI,BR,subscription,481,481
MUBI,CA,subscription,362,362
MUBI,CH,subscription,324,324
MUBI,CL,subscription,11,11
MUBI,CO,subscription,11,11
MUBI,DE,subscription,390,390
MUBI,DK,subscription,381,381
MUBI,ES,subscription,260,260
MUBI,FI,subscription,2,2
MUBI,FR,subscription,349,349
MUBI,GB,subscription,390,390
MUBI,ID,subscription,328,328
MUBI,IE,subscription,410,410
MUBI,IN,subscription,366,366
MUBI,IT,subscription,387,387
MUBI,JP,subscription,228,228
MUBI,KR,subscription,260,260
MUBI,MX,subscription,504,504
MUBI,NL,subscription,387,387
MUBI,NO,subscription,384,384
MUBI,NZ,subscription,291,291
MUBI,PH,subscription,334,334
MUBI,PL,subscription,284,284
MUBI,PT,subscription,326,326
MUBI,SE,subscription,353,353
MUBI,SG,subscription,326,326
MUBI,TH,subscription,328,328
MUBI,TR,subscription,467,467
MUBI,TW,subscription,278,278
MUBI,US,subscription,397,397
MUBI Amazon Channel,AR,subscription,1,1
MUBI Amazon Channel,AT,subscription,5,5
MUBI Amazon Channel,AU,subscription,29,29
MUBI Amazon Channel,BR,subscription,67,66
MUBI Amazon Channel,CL,subscription,10,10
MUBI Amazon Channel,CO,subscription,10,10
MUBI Amazon Channel,DE,subscription,35,34
MUBI Amazon Channel,ES,subscription,11,11
MUBI Amazon Channel,FI,subscription,1,1
MUBI Amazon Channel,FR,subscription,25,25
MUBI Amazon Channel,GB,subscription,47,46
MUBI Amazon Channel,IE,subscription,4,4
MUBI Amazon Channel,IN,subscription,8,8
MUBI Amazon Channel,IT,subscription,38,37
MUBI Amazon Channel,MX,subscription,66,65
MUBI Amazon Channel,NL,subscription,7,7
MUBI Amazon Channel,NZ,subscription,3,3
MUBI Amazon Channel,SE,subscription,1,1
MUBI Amazon Channel,US,subscription,32,31
Museum Tv Amazon Channel,IN,subscription,1,1
MX Player,IN,ads,97,97
MY HERO Amazon Channel,JP,subscription,81,49
myfilmfriend,CA,free,9,9
myfilmfriend,US,free,8,8
MYmovies One,IT,subscription,38,38
MyOutdoor TV Amazon Channel,US,subscription,4,2
MyOutdoorTV,US,subscription,1,1
MZ Choice Amazon Channel,US,subscription,57,32
National Geographic,US,ads,8,5
NBC,US,subscription,44,44
NBC,US,free,36,36
NBC,US,ads,1,1
Neon TV,NZ,subscription,108,108
Netflix,AR,subscription,6806,6806
Netflix,AT,subscription,155,155
Netflix,AU,subscription,7307,6326
Netflix,BE,subscription,170,170
Netflix,BR,subscription,7566,6553
Netflix,BR,ads,5,4
Netflix,CA,subscription,7171,6204
Netflix,CH,subscription,7327,7327
Netflix,CL,subscription,180,180
Netflix,CO,subscription,180,180
Netflix,DE,subscription,7998,7054
Netflix,DK,subscription,7018,7018
Netflix,ES,subscription,8076,7195
Netflix,FI,subscription,157,157
Netflix,FR,subscription,7980,7039
Netflix,GB,subscription,7569,6553
Netflix,ID,subscription,5611,5611
Netflix,IE,subscription,7070,7070
Netflix,IN,subscription,5983,5983
Netflix,IT,subscription,6740,6740
Netflix,JP,subscription,7598,6512
Netflix,KR,subscription,7589,6573
Netflix,MX,subscription,7492,6477
Netflix,NL,subscription,6574,6574
Netflix,NO,subscription,7034,7034
Netflix,NZ,subscription,5888,5888
Netflix,PH,subscription,5811,5811
Netflix,PL,subscription,5758,5758
Netflix,PT,subscription,7432,7432
Netflix,SE,subscription,6187,6187
Netflix,SG,subscription,5774,5774
Netflix,TH,subscription,5756,5756
Netflix,TR,subscription,5604,5604
Netflix,TW,subscription,5804,5804
Netflix,US,subscription,7134,6120
Netflix Kids,AT,subscription,7,6
Netflix Kids,AU,subscription,45,45
Netflix Kids,CA,subscription,38,38
Netflix Kids,CH,subscription,6,6
Netflix Kids,DE,subscription,33,32
Netflix Kids,DK,subscription,5,5
Netflix Kids,GB,subscription,52,51
Netflix Kids,IE,subscription,5,5
Netflix Kids,IN,subscription,25,25
Netflix Kids,NL,subscription,2,2
Netflix Kids,NO,subscription,5,5
Netflix Kids,NZ,subscription,3,3
Netflix Kids,PH,subscription,1,1
Netflix Kids,SE,subscription,5,5
Netflix Kids,SG,subscription,1,1
Netflix Kids,TH,subscription,1,1
Netflix Kids,US,subscription,32,32
NetMovies,BR,ads,152,152
Netzkino,AT,ads,8,8
Netzkino,AT,subscription,6,6
Netzkino,CH,ads,7,7
Netzkino,CH,subscription,5,5
Netzkino,DE,ads,126,126
Netzkino,DE,subscription,94,94
Netzkino Select Amazon Channel,DE,subscription,13,13
Nexo Plus,IT,subscription,10,10
NFB,CA,free,10,10
NFDC Amazon Channel,IN,subscription,1,1
NFL Game Pass Amazon Channel,DE,subscription,2,1
NHK Kodomo Park Amazon Channel,JP,subscription,17,10
NHK On Demand Amazon Channel,JP,subscription,60,36
Night Flight Plus,US,subscription,24,24
Nihon Eiga Net Amazon Channel,JP,subscription,1,1
NLZIET,NL,subscription,7,7
Noggin Amazon Channel,BR,subscription,2,1
Noggin Amazon Channel,ES,subscription,2,1
Noggin Amazon Channel,FR,subscription,2,1
Noggin Amazon Channel,IT,subscription,2,1
Noggin Amazon Channel,MX,subscription,9,5
Noggin Amazon Channel,US,subscription,5,3
Noovo,CA,ads,45,45
Nordisk Film+,DK,subscription,17,15
Novecento Amazon Channel,IT,subscription,14,14
Now TV,GB,subscription,454,257
Now TV,IT,subscription,668,549
Now TV Cinema,GB,subscription,431,431
Now TV Cinema,IE,subscription,150,150
NPO Plus,NL,subscription,2,2
NRK TV,NO,free,1,1
Nuestro Cine MX,MX,subscription,17,16
Okidoki Amazon Channel,GB,subscription,2,1
Oldflix,BR,subscription,164,164
Ondamedia,CL,subscription,3,3
OnDemandKorea,US,ads,116,116
OnDemandKorea,US,subscription,80,80
ORF ON,AT,ads,1,1
Outbuster Amazon Channel,FR,subscription,12,12
OUTtv Amazon Channel,AT,subscription,2,2
OUTtv Amazon Channel,AU,subscription,6,3
OUTtv Amazon Channel,CA,subscription,14,8
OUTtv Amazon Channel,DE,subscription,13,10
OUTtv Amazon Channel,ES,subscription,1,1
OUTtv Apple TV Channel,CA,subscription,14,8
OUTtv Apple TV Channel,US,subscription,6,3
OVID,CA,subscription,6,6
OVID,US,subscription,23,23
OXYGEN,US,subscription,3,3
Paramount Plus Apple TV Channel ,AU,subscription,199,199
Paramount Plus Apple TV Channel ,BR,subscription,144,144
Paramount Plus Apple TV Channel ,CA,subscription,168,168
Paramount Plus Apple TV Channel ,DE,subscription,138,138
Paramount Plus Apple TV Channel ,FR,subscription,132,132
Paramount Plus Apple TV Channel ,GB,subscription,162,162
Paramount Plus Apple TV Channel ,GB,free,3,3
Paramount Plus Apple TV Channel ,IT,subscription,128,128
Paramount Plus Apple TV Channel ,MX,subscription,145,145
Paramount Plus Apple TV Channel ,US,subscription,436,244
Paramount Plus Apple TV Channel ,US,free,1,1
Paramount+,AR,subscription,544,521
Paramount+,AT,subscription,60,51
Paramount+,AU,subscription,1357,760
Paramount+,BR,subscription,794,506
Paramount+,CA,subscription,1153,651
Paramount+,CH,subscription,644,617
Paramount+,CL,subscription,46,38
Paramount+,CO,subscription,46,38
Paramount+,DE,subscription,763,626
Paramount+,FR,subscription,960,696
Paramount+,GB,subscription,1151,665
Paramount+,GB,free,10,4
Paramount+,IE,subscription,807,730
Paramount+,IE,free,1,1
Paramount+,IT,subscription,718,591
Paramount+,MX,subscription,789,499
Paramount+,US,subscription,532,305
Paramount+,US,free,5,3
Paramount+ Amazon Channel,AR,subscription,23,23
Paramount+ Amazon Channel,AT,subscription,25,25
Paramount+ Amazon Channel,AU,subscription,209,200
Paramount+ Amazon Channel,BR,subscription,155,146
Paramount+ Amazon Channel,CA,subscription,180,175
Paramount+ Amazon Channel,CL,subscription,23,23
Paramount+ Amazon Channel,CO,subscription,23,23
Paramount+ Amazon Channel,DE,subscription,145,142
Paramount+ Amazon Channel,FR,subscription,149,143
Paramount+ Amazon Channel,GB,subscription,195,187
Paramount+ Amazon Channel,IE,subscription,27,26
Paramount+ Amazon Channel,IT,subscription,131,128
Paramount+ Amazon Channel,MX,subscription,157,148
Paramount+ Amazon Channel,US,subscription,471,459
Paramount+ MTV Amazon Channel,US,subscription,25,24
Paramount+ Originals Amazon Channel,US,subscription,35,35
Paramount+ Roku Premium Channel,US,subscription,262,257
Pash Amazon Channel,ES,subscription,11,6
Passionflix Amazon Channel,US,subscription,3,3
PBS,US,subscription,22,22
PBS,US,free,12,12
PBS America Amazon Channel,GB,subscription,15,8
PBS America Amazon Channel,US,subscription,2,1
PBS Documentaries Amazon Channel,CA,subscription,11,6
PBS Documentaries Amazon Channel,US,subscription,14,8
PBS Kids Amazon Channel,US,subscription,21,13
PBS Living Amazon Channel,US,subscription,7,4
PBS Masterpiece Amazon Channel,CA,subscription,62,36
PBS Masterpiece Amazon Channel,US,subscription,75,44
Peacock,US,subscription,1666,1104
Philo,US,subscription,968,968
Pinguinitos Amazon Channel,MX,subscription,9,5
Pinoy Box Office Amazon Channel,GB,subscription,9,8
Pinoy Box Office Amazon Channel,US,subscription,5,5
PixL Amazon Channel,US,subscription,2,2
Planet Earth Amazon Channel,US,subscription,10,6
Planet Horror Amazon Channel,ES,subscription,19,18
Play Suisse,CH,free,2,2
Player,PL,subscription,482,482
Playkids Learning Amazon Channel,BR,subscription,15,8
Playkids Learning Amazon Channel,MX,subscription,14,7
Plex,AR,free,12,12
Plex,AT,free,10,10
Plex,AU,free,237,237
Plex,BE,free,19,10
Plex,BR,free,466,231
Plex,CA,free,793,793
Plex,CH,free,24,15
Plex,CL,free,12,12
Plex,CO,free,12,12
Plex,DE,free,481,241
Plex,DK,free,18,10
Plex,ES,free,214,214
Plex,FI,free,9,9
Plex,FR,free,530,268
Plex,GB,free,461,461
Plex,IE,free,15,15
Plex,IN,free,120,62
Plex,IT,free,215,215
Plex,JP,free,153,153
Plex,KR,free,151,151
Plex,MX,free,202,202
Plex,NL,free,29,15
Plex,NO,free,8,8
Plex,NZ,free,12,12
Plex,PH,free,9,9
Plex,PL,free,9,9
Plex,PT,free,9,9
Plex,SE,free,8,8
Plex,SG,free,9,9
Plex,TH,free,9,9
Plex,US,free,2712,1389
Plus GAGA Amazon Channel,JP,subscription,30,30
Plus Shochiku Amazon Channel,JP,subscription,18,15
Pluto TV,AR,ads,7,7
Pluto TV,BR,ads,343,243
Pluto TV,CA,ads,291,198
Pluto TV,CL,ads,7,7
Pluto TV,CO,ads,7,7
Pluto TV,DE,ads,239,168
Pluto TV,DK,ads,1,1
Pluto TV,ES,ads,54,30
Pluto TV,FR,ads,65,45
Pluto TV,GB,ads,167,115
Pluto TV,IT,ads,54,46
Pluto TV,MX,ads,377,250
Pluto TV,NO,ads,1,1
Pluto TV,SE,ads,2,2
Pluto TV,US,ads,894,650
Pluto TV,US,free,1,1
Pluto TV Live,US,free,1,1
Pokémon Amazon Channel,GB,subscription,1,1
Polsat Box Go,PL,subscription,141,141
Pongalo Amazon Channel  ,MX,subscription,5,3
Popcorntimes,DE,ads,6,6
Prime Video,AR,subscription,5499,5399
Prime Video,AT,subscription,199,114
Prime Video,AT,ads,10,10
Prime Video,AT,free,1,1
Prime Video,AU,subscription,7240,6473
Prime Video,AU,free,77,44
Prime Video,BE,subscription,201,171
Prime Video,BR,subscription,4385,3810
Prime Video,BR,free,100,63
Prime Video,CA,subscription,8682,7770
Prime Video,CA,free,120,68
Prime Video,CH,subscription,5408,5350
Prime Video,CL,subscription,223,191
Prime Video,CO,subscription,223,191
Prime Video,DE,subscription,1650,945
Prime Video,DE,ads,230,174
Prime Video,DE,free,69,41
Prime Video,DK,subscription,3372,3299
Prime Video,ES,subscription,5941,5284
Prime Video,ES,free,57,34
Prime Video,FI,subscription,172,148
Prime Video,FR,subscription,5693,4903
Prime Video,FR,free,58,33
Prime Video,GB,subscription,2497,1603
Prime Video,GB,ads,490,398
Prime Video,GB,free,76,45
Prime Video,ID,subscription,1416,1416
Prime Video,IE,subscription,8613,8532
Prime Video,IN,subscription,3784,3275
Prime Video,IN,free,224,224
Prime Video,IT,subscription,6550,5930
Prime Video,IT,free,58,34
Prime Video,JP,subscription,2671,1498
Prime Video,JP,free,1435,819
Prime Video,KR,subscription,1228,1080
Prime Video,KR,free,36,21
Prime Video,MX,subscription,4974,4332
Prime Video,MX,free,96,60
Prime Video,NL,subscription,2660,2560
Prime Video,NO,subscription,3366,3293
Prime Video,NZ,subscription,5486,5399
Prime Video,PH,subscription,2176,2125
Prime Video,PL,subscription,1613,1545
Prime Video,PT,subscription,2155,2068
Prime Video,SE,subscription,2754,2679
Prime Video,SG,subscription,1527,1480
Prime Video,TH,subscription,1501,1456
Prime Video,TR,subscription,1203,1203
Prime Video,TW,subscription,1379,1379
Prime Video,US,subscription,2704,1579
Prime Video,US,ads,1027,773
Prime Video,US,free,156,91
ProSieben Fun Amazon Channel,AT,subscription,8,8
ProSieben Fun Amazon Channel,DE,subscription,82,61
Public Domain Movies,US,free,10,10
Pure Flix,US,subscription,80,49
Qello Concerts by Stingray Amazon Channel,DE,subscription,1,1
Qello Concerts by Stingray Amazon Channel,GB,subscription,3,3
Qello Concerts by Stingray Amazon Channel,JP,subscription,3,3
Qello Concerts by Stingray Amazon Channel,US,subscription,3,3
Queens club Amazon Channel,DE,subscription,13,13
Queer Cinemab Amazon Channel,AT,subscription,1,1
Queer Cinemab Amazon Channel,DE,subscription,11,11
Rai Play,IT,ads,177,110
Rakuten TV,AT,ads,9,9
Rakuten TV,BE,ads,5,5
Rakuten TV,CH,subscription,3963,3963
Rakuten TV,CH,ads,8,8
Rakuten TV,DE,subscription,5613,5613
Rakuten TV,DE,ads,135,125
Rakuten TV,DK,subscription,3689,3689
Rakuten TV,DK,ads,14,14
Rakuten TV,ES,subscription,4874,4874
Rakuten TV,ES,ads,180,163
Rakuten TV,FI,ads,14,14
Rakuten TV,FR,subscription,3896,3896
Rakuten TV,FR,ads,186,170
Rakuten TV,GB,subscription,5417,5417
Rakuten TV,GB,ads,236,215
Rakuten TV,IE,subscription,4699,4699
Rakuten TV,IE,ads,14,14
Rakuten TV,IT,subscription,4660,4660
Rakuten TV,IT,ads,157,145
Rakuten TV,NL,subscription,3506,3506
Rakuten TV,NL,ads,9,9
Rakuten TV,NO,subscription,3905,3905
Rakuten TV,NO,ads,14,14
Rakuten TV,PL,subscription,3252,3252
Rakuten TV,PL,ads,3,3
Rakuten TV,PT,subscription,1867,1867
Rakuten TV,PT,ads,5,5
Rakuten TV,SE,subscription,4024,4024
Rakuten TV,SE,ads,15,15
Raro Video Amazon Channel,IT,subscription,17,17
Redlight Cinema Amazon Channel,DE,subscription,5,5
REELZ+ Amazon Channel,US,subscription,5,3
Reserva Imovision,BR,subscription,9,9
Reserva Imovision Amazon Channel,BR,subscription,34,33
Retrocrush,CA,ads,30,30
Retrocrush,CA,subscription,14,14
Retrocrush,US,ads,36,36
Retrocrush,US,subscription,15,15
RetroCrush Amazon Channel,US,subscription,76,42
Reveel,US,free,17,17
Rialto Amazon Channel,AU,subscription,8,8
Rialto Amazon Channel,NZ,subscription,3,3
RTBF Auvio,BE,free,15,15
RTL Crime Amazon Channel,DE,subscription,24,13
RTL Living Amazon Channel,DE,subscription,6,3
RTL Passion Amazon Channel,DE,subscription,15,8
RTL+,AT,subscription,75,64
RTL+,AT,ads,2,2
RTL+,DE,subscription,391,290
RTL+,DE,ads,84,55
RTL+ Max Amazon Channel,DE,subscription,372,276
RTPplay,PT,free,1,1
rtve,ES,free,75,75
rtve,ES,subscription,2,2
rtve,ES,ads,1,1
Runtime,AR,ads,4,4
Runtime,BR,ads,54,54
Runtime,CA,ads,2,2
Runtime,CL,ads,4,4
Runtime,CO,ads,4,4
Runtime,ES,ads,54,54
Runtime,FR,ads,8,8
Runtime,GB,ads,5,5
Runtime,MX,ads,65,65
Runtime,US,ads,25,25
Ruutu,FI,subscription,50,50
Ruutu,FI,free,1,1
Ryan and Friends Plus Amazon Channel,US,subscription,4,2
S4C Clic,GB,ads,2,1
Sat.1 emotions Amazon Channel,AT,subscription,2,2
Sat.1 emotions Amazon Channel,DE,subscription,50,31
SBS On Demand,AU,ads,295,227
Science Channel,US,ads,4,3
Science Channel,US,subscription,4,3
Screambox Amazon Channel,US,subscription,44,42
ScreenPix Amazon Channel ,US,subscription,14,13
ScreenPix Apple TV Channel,US,subscription,14,13
Sensical Amazon Channel,US,subscription,26,13
Serially,IT,ads,20,20
Seven Entertainment Amazon Channel,AT,subscription,18,18
Seven Entertainment Amazon Channel,DE,subscription,188,144
SFR Play,FR,subscription,4,2
Shadowz,FR,subscription,46,46
Shadowz Amazon Channel,BE,subscription,3,3
Shadowz Amazon Channel,ES,subscription,21,21
Shadowz Amazon Channel,FI,subscription,5,5
Shadowz Amazon Channel,FR,subscription,47,47
Shadowz Amazon Channel,SE,subscription,5,5
Shahid VIP,AU,subscription,36,20
Shahid VIP,AU,ads,14,7
Shahid VIP,BR,subscription,39,22
Shahid VIP,BR,ads,17,9
Shahid VIP,CA,subscription,36,20
Shahid VIP,CA,ads,14,7
Shahid VIP,DE,subscription,36,20
Shahid VIP,DE,ads,14,7
Shahid VIP,ES,subscription,36,20
Shahid VIP,ES,ads,14,7
Shahid VIP,FR,subscription,36,20
Shahid VIP,FR,ads,14,7
Shahid VIP,GB,subscription,36,20
Shahid VIP,GB,ads,16,8
Shahid VIP,IN,subscription,18,18
Shahid VIP,IN,ads,6,6
Shahid VIP,IT,subscription,38,21
Shahid VIP,IT,ads,16,8
Shahid VIP,MX,subscription,34,19
Shahid VIP,MX,ads,14,7
Shahid VIP,US,subscription,37,21
Shahid VIP,US,ads,14,7
ShemarooMe,IN,ads,3,3
ShemarooMe,IN,subscription,2,2
ShortsTV Amazon Channel,FR,subscription,1,1
ShortsTV Amazon Channel,GB,subscription,2,2
ShortsTV Amazon Channel,IT,subscription,2,2
ShortsTV Amazon Channel,US,subscription,1,1
Shout! Factory Amazon Channel,GB,subscription,29,17
Shout! Factory Amazon Channel,US,subscription,164,132
Shout! Factory TV,US,ads,157,124
Shudder,AU,subscription,67,67
Shudder,CA,subscription,89,89
Shudder,GB,subscription,73,73
Shudder,IE,subscription,11,11
Shudder,NZ,subscription,12,12
Shudder,US,subscription,113,113
Shudder Amazon Channel,AU,subscription,72,67
Shudder Amazon Channel,CA,subscription,107,97
Shudder Amazon Channel,GB,subscription,83,78
Shudder Amazon Channel,US,subscription,124,108
Shudder Apple TV Channel,AU,subscription,72,67
Shudder Apple TV Channel,CA,subscription,107,97
Shudder Apple TV Channel,US,subscription,124,108
Silverline Amazon Channel,DE,subscription,3,3
Sky,CH,subscription,48,48
Sky Go,AT,subscription,63,63
Sky Go,DE,subscription,425,333
Sky Go,GB,subscription,389,382
Sky Go,IE,subscription,137,137
Sky Go,IT,subscription,374,371
Sky X,AT,subscription,63,63
SkyShowtime,DK,subscription,784,784
SkyShowtime,ES,subscription,878,878
SkyShowtime,FI,subscription,77,77
SkyShowtime,NL,subscription,530,530
SkyShowtime,NO,subscription,784,784
SkyShowtime,PL,subscription,549,549
SkyShowtime,PT,subscription,755,755
SkyShowtime,SE,subscription,553,553
Sony Amazon Channel,DE,subscription,5,3
Sony Liv,IN,subscription,67,67
Sony One Amazon Channel,BR,subscription,166,143
Sony One Amazon Channel,CL,subscription,27,27
Sony One Amazon Channel,CO,subscription,27,27
Sony One Amazon Channel,MX,subscription,164,141
Sony Pictures Amazon Channel,IN,subscription,37,37
Sooner,BE,subscription,15,15
Sooner,DE,subscription,21,21
Sooner,NL,subscription,9,9
Sooner Amazon Channel,AT,subscription,2,2
Sooner Amazon Channel,DE,subscription,15,15
Sooner Amazon Channel,GB,subscription,5,5
South Park,DE,ads,2,1
Spectrum On Demand,US,free,449,253
Spectrum On Demand,US,subscription,350,205
Sportdigital Amazon Channel,DE,subscription,1,1
StackTV Amazon Channel,CA,subscription,276,159
Stan,AU,subscription,2263,2263
STARZ,US,subscription,446,446
Starz Amazon Channel,CA,subscription,490,468
Starz Amazon Channel,US,subscription,115,93
Starz Apple TV Channel,US,subscription,318,297
Starz Roku Premium Channel,US,subscription,99,78
Stingray All good vibes Amazon Channel,DE,subscription,1,1
Stingray Amazon Channel,AU,subscription,3,3
Stingray Amazon Channel,BR,subscription,3,3
Stingray Amazon Channel,CA,subscription,3,3
Stingray Amazon Channel,MX,subscription,2,2
Stingray Classica Amazon Channel,DE,subscription,2,2
Stingray Classica Amazon Channel,GB,subscription,1,1
Stingray Classica Amazon Channel,US,subscription,1,1
Stingray Karaoke Amazon Channel,GB,subscription,1,1
Stingray Karaoke Amazon Channel,US,subscription,1,1
Strand Releasing Amazon Channel,US,subscription,9,9
Strim,NO,subscription,187,187
Studiocanal Presents ALLSTARS Amazon Channel,DE,subscription,67,64
Studiocanal Presents Amazon Channel,GB,subscription,93,90
STUDIOCANAL PRESENTS Apple TV Channel,GB,subscription,40,37
Studiocanal Presents MOVIECULT Amazon Channel,DE,subscription,29,29
STV Player,GB,ads,75,45
Sun Nxt,AU,subscription,13,12
Sun Nxt,BR,subscription,13,12
Sun Nxt,CA,subscription,13,12
Sun Nxt,DE,subscription,13,12
Sun Nxt,ES,subscription,11,11
Sun Nxt,FR,subscription,13,12
Sun Nxt,GB,subscription,13,12
Sun Nxt,IN,subscription,1,1
Sun Nxt,IT,subscription,13,12
Sun Nxt,JP,subscription,13,12
Sun Nxt,KR,subscription,13,12
Sun Nxt,MX,subscription,13,12
Sun Nxt,US,subscription,13,12
Sundance Now,CA,subscription,42,40
Sundance Now,US,subscription,40,38
Sundance Now Amazon Channel,CA,subscription,45,41
Sundance Now Amazon Channel,GB,subscription,9,8
Sundance Now Apple TV Channel,CA,subscription,45,41
Super Channel Amazon Channel,CA,subscription,59,55
Super Channel Plus,CA,subscription,57,53
Superfresh Amazon Channel,AT,subscription,9,9
Superfresh Amazon Channel,DE,subscription,69,65
Superfresh Amazon Channel,IT,subscription,18,18
SVT,SE,free,11,11
Sweatflix Amazon Channel,GB,subscription,2,1
Sweatflix Amazon Channel,US,subscription,2,1
Tastemade Amazon Channel ,US,subscription,4,2
Tastemade Apple TV Channel,US,subscription,4,2
Tata Play,IN,subscription,6,6
TBS,US,subscription,32,32
TCM,US,subscription,10,10
TELE 5,DE,free,8,5
Tele2 Play,SE,subscription,100,100
Telecine Amazon Channel,BR,subscription,290,290
Telenet,BE,subscription,29,29
TELESA Amazon Channel,JP,subscription,39,22
TELETOON+ Amazon Channel,CA,subscription,125,70
TELETOON+ Amazon Channel,JP,subscription,180,135
Telia Play,FI,subscription,1,1
Tentkotta,AU,subscription,4,4
Tentkotta,BR,subscription,4,4
Tentkotta,CA,subscription,4,4
Tentkotta,DE,subscription,4,4
Tentkotta,ES,subscription,4,4
Tentkotta,FR,subscription,4,4
Tentkotta,GB,subscription,4,4
Tentkotta,IT,subscription,4,4
Tentkotta,JP,subscription,4,4
Tentkotta,KR,subscription,4,4
Tentkotta,MX,subscription,4,4
Tentkotta,US,subscription,4,4
Terra X Amazon Channel,DE,subscription,6,3
TF1+,FR,subscription,275,231
TF1+,FR,ads,173,113
TFOU Max Amazon Channel,FR,subscription,51,30
The CW,US,free,213,144
The Great Courses Amazon Channel,GB,subscription,4,2
The Great Courses Amazon Channel,US,subscription,6,3
The Great Courses Signature Collection Amazon Channel,AU,subscription,9,5
The Great Courses Signature Collection Amazon Channel,CA,subscription,4,2
The Great Courses Signature Collection Amazon Channel,DE,subscription,5,3
The Oprah Winfrey Network,US,ads,2,1
The Oprah Winfrey Network,US,subscription,2,1
The Roku Channel,US,ads,1916,1463
The Roku Channel,US,subscription,2,1
The Surf Network Amazon Channel,US,subscription,4,3
Thirteen,US,subscription,30,30
ThreeNow,NZ,ads,3,3
Thrillbox Amazon Channel,AT,subscription,1,1
Thrillbox Amazon Channel,DE,subscription,29,22
Timvision,IT,subscription,297,297
Tivify,ES,subscription,268,268
Tivify,ES,free,127,127
TLC,US,subscription,8,8
TLC,US,ads,1,1
TNT,US,subscription,29,29
Toei Animation Channel  Amazon Channel,JP,subscription,172,102
Toei On Demand Amazon Channel,JP,subscription,30,26
Toggo,DE,ads,47,47
Toggo,DE,subscription,15,15
Toku Amazon Channel,US,subscription,12,6
Toon Goggles,US,ads,28,15
Travel Channel,US,subscription,4,3
Travel Channel,US,ads,1,1
TriArt Play,SE,subscription,8,8
Troma NOW,US,subscription,21,21
tru TV,US,subscription,25,22
Tubi,AU,subscription,4587,4587
Tubi,AU,ads,755,618
Tubi,CA,subscription,5734,5734
Tubi,CA,ads,1860,1567
Tubi,CA,free,2,2
Tubi,GB,subscription,3779,3779
Tubi,GB,ads,359,293
Tubi,GB,free,2,1
Tubi,IN,subscription,1387,1387
Tubi,IN,ads,68,68
Tubi,MX,subscription,4236,4236
Tubi,MX,ads,632,511
Tubi,US,subscription,6461,6461
Tubi,US,ads,2747,2242
Tubi,US,free,3,3
Turk On Video Amazon Channel,DE,subscription,6,6
TV 2,DK,subscription,24,24
TV 2 Play,NO,subscription,27,27
TV2 Skyshowtime,DK,subscription,36,36
TV4 Play,SE,subscription,12,12
TV4 Play,SE,ads,1,1
TV5 Unis,CA,ads,25,15
TVCortos Amazon Channel,ES,subscription,1,1
TVING,KR,subscription,1572,1572
TVNZ+,NZ,ads,15,15
TVNZ+,NZ,subscription,9,7
tvo,CA,ads,3,3
TVP,PL,subscription,5,5
TVP,PL,ads,2,2
U-NEXT,JP,subscription,2535,2535
UKTV Play,GB,ads,159,92
Univer Video,BR,subscription,17,12
Univer Video,FR,subscription,2,1
Univer Video,MX,subscription,2,1
Univer Video,US,subscription,2,1
Universal+ Amazon Channel,BE,subscription,4,4
Universal+ Amazon Channel,BR,subscription,274,232
Universal+ Amazon Channel,FR,subscription,109,70
Universal+ Amazon Channel,MX,subscription,319,267
Universcine,FR,subscription,55,55
Universcine Amazon Channel,FR,subscription,48,48
UP Faith & Family Amazon Channel ,GB,subscription,2,1
UP Faith & Family Amazon Channel ,US,subscription,36,26
UP Faith & Family Apple TV Channel,US,subscription,36,26
UPC TV,CH,subscription,5,5
USA Network,US,subscription,29,29
USA Network,US,free,1,1
Vemox Cine Amazon Channel,US,subscription,2,2
VH1,US,subscription,3,3
VI movies and tv,IN,subscription,456,456
VI movies and tv,IN,ads,34,34
Viaplay,DK,subscription,158,158
Viaplay,FI,subscription,158,158
Viaplay,NL,subscription,5,5
Viaplay,NO,subscription,159,159
Viaplay,SE,subscription,159,159
Viaplay Amazon Channel,AT,subscription,1,1
Viaplay Amazon Channel,DE,subscription,27,15
Viaplay Amazon Channel,GB,subscription,34,20
Viaplay Amazon Channel,US,subscription,27,17
Vice TV ,US,ads,4,2
Vice TV ,US,subscription,4,2
Viddla,FI,free,8,8
Videoland,NL,subscription,43,43
Videoload,DE,subscription,3,3
Viki,CA,subscription,1447,1017
Viki,CA,ads,389,227
Viki,DE,subscription,1827,1387
Viki,DE,ads,417,243
Viki,ES,subscription,15,9
Viki,TW,subscription,76,76
Viki,US,subscription,1449,1019
Viki,US,ads,396,232
Vimeo,US,free,7,7
Viu,PH,subscription,2,2
Viu,SG,subscription,3,3
Viu,TH,subscription,1,1
VIX ,AR,ads,3,3
VIX ,CL,ads,3,3
VIX ,CO,ads,3,3
VIX ,MX,ads,201,138
VIX ,US,ads,223,151
VIX ,US,subscription,4,4
Vix Gratis Amazon Channel,MX,subscription,229,158
Vix Gratis Amazon Channel,US,subscription,1,1
ViX Premium Amazon Channel,CL,subscription,1,1
ViX Premium Amazon Channel,CO,subscription,1,1
ViX Premium Amazon Channel,MX,subscription,176,103
Vrott Amazon Channel,IN,subscription,3,3
VRT MAX,BE,free,3,3
W4free,GB,free,78,78
Warriors and Gangsters Amazon Channel,US,subscription,12,11
Watcha,KR,subscription,2085,2085
wavve,KR,subscription,1194,1194
wavve,KR,free,17,17
Wedo TV,DE,ads,26,25
WETA+,US,subscription,78,46
WETA+,US,ads,21,12
WeTV,US,subscription,2,2
Wild West Amzon Channel,DE,subscription,17,13
Wonder Project Amazon Channel,US,subscription,2,2
WOW,DE,subscription,402,402
Wow Fiction Amazon Channel,DE,subscription,473,366
WOW Presents Plus,AU,subscription,2,1
WOW Presents Plus,BR,subscription,7,4
WOW Presents Plus,BR,free,1,1
WOW Presents Plus,CA,subscription,9,5
WOW Presents Plus,DE,subscription,9,5
WOW Presents Plus,DE,free,1,1
WOW Presents Plus,ES,subscription,7,4
WOW Presents Plus,ES,free,1,1
WOW Presents Plus,FR,subscription,7,4
WOW Presents Plus,FR,free,1,1
WOW Presents Plus,GB,subscription,5,3
WOW Presents Plus,GB,free,1,1
WOW Presents Plus,IN,subscription,4,4
WOW Presents Plus,IN,free,1,1
WOW Presents Plus,IT,subscription,7,4
WOW Presents Plus,IT,free,1,1
WOW Presents Plus,JP,subscription,7,4
WOW Presents Plus,JP,free,1,1
WOW Presents Plus,KR,subscription,7,4
WOW Presents Plus,KR,free,1,1
WOW Presents Plus,MX,subscription,7,4
WOW Presents Plus,MX,free,1,1
WOW Presents Plus,US,subscription,4,2
Xive TV Documentaries Amazon Channel,US,subscription,2,1
XLTV Amazon Channel ,US,subscription,2,2
Xumo Play,US,ads,166,124
Yipee Kids TV Amazon Channel,US,subscription,4,3
Yle Areena,FI,free,1,1
YouTube,AU,subscription,29,29
YouTube,AU,free,1,1
YouTube,CA,subscription,30,30
YouTube,CH,subscription,19,19
YouTube,DE,subscription,19,19
YouTube,DE,ads,2,2
YouTube,DE,free,1,1
YouTube,DK,subscription,18,18
YouTube,ES,subscription,18,18
YouTube,FR,subscription,5,5
YouTube,GB,subscription,29,29
YouTube,IE,subscription,18,18
YouTube,IN,subscription,2,2
YouTube,IT,subscription,29,29
YouTube,MX,subscription,29,29
YouTube,NO,subscription,18,18
YouTube,NZ,subscription,30,30
YouTube,PT,subscription,19,19
YouTube,SE,subscription,29,29
YouTube,TR,subscription,15,15
YouTube,TW,subscription,10,10
YouTube,US,subscription,30,30
YouTube,US,ads,2,2
YouTube Free,DE,ads,64,64
YouTube Free,GB,ads,183,183
YouTube Free,US,ads,57,57
YouTube Free,US,free,2,1
YouTube Premium,AU,subscription,9,5
YouTube Premium,CA,subscription,9,5
YouTube Premium,CH,subscription,35,35
YouTube Premium,DE,subscription,39,35
YouTube Premium,DK,subscription,35,35
YouTube Premium,ES,subscription,34,31
YouTube Premium,FR,subscription,10,10
YouTube Premium,GB,subscription,9,5
YouTube Premium,IE,subscription,34,34
YouTube Premium,IT,subscription,7,4
YouTube Premium,MX,subscription,9,5
YouTube Premium,NO,subscription,33,33
YouTube Premium,NZ,subscription,5,5
YouTube Premium,PT,subscription,36,36
YouTube Premium,SE,subscription,5,5
YouTube Premium,US,subscription,11,6
YouTube Premium,US,free,1,1
YouTube TV,US,subscription,958,666
Yow TV,AU,free,1,1
Yow TV,BR,free,1,1
Yow TV,CA,free,1,1
Yow TV,DE,free,1,1
Yow TV,ES,free,1,1
Yow TV,FR,free,1,1
Yow TV,GB,free,1,1
Yow TV,IT,free,1,1
Yow TV,JP,free,1,1
Yow TV,KR,free,1,1
Yow TV,MX,free,1,1
Yow TV,US,free,3,3
ZDF,DE,free,71,71
ZDF Herzkino Amazon Channel,DE,subscription,9,6
ZDF Krimi Amazon Channel,DE,subscription,43,26
ZDF Schatzkiste Amazon channel,DE,subscription,9,6
ZDF Select Amazon Channel ,DE,subscription,84,50
ZDFtivi Amazon channel,DE,subscription,13,8
Zee5,AU,ads,27,27
Zee5,AU,subscription,13,13
Zee5,IN,ads,36,36
Zee5,IN,subscription,11,11
Ziggo TV,NL,subscription,6,6
